keyword,searches,cpc,difficulty
online shopping in bangladesh,6600,0.22,43
online shopping bd,9900,0.27,42
daraz online shopping bangladesh,9900,0.05,45
bd online shop,3600,0.26,42
qcoom online shopping bd,1600,1.58,
bangladesh online shopping website list,720,0.43,31
best online shop in bd,880,0.42,36
online shopping sites in bangladesh,1300,0.37,39
daraz online shopping dhaka,880,0.1,
online electronic shop bd,480,0.45,32
bangladesh online shopping app,590,0.52,
online shop in bangladesh,1600,0.28,45
daraz online shopping chittagong,720,0.08,
sylhet online shop,590,0.13,
alibaba bd online shopping,590,0.38,
international online shopping from bangladesh,320,0.34,
dalal online shopping bd,590,0,
online grocery shop bd,480,0.44,30
daraz online shop bd,390,0.13,
online grocery shop in bangladesh,320,0.67,15
easy online shopping bd,390,0.3,
daraz shop bd,140,0.12,
samsung online shop bd,390,0.04,
online market bd,390,0.33,39
bd online shop list,390,0.43,29
xiaomi trimmer price in bangladesh,320,0.03,
evaly online shopping bangladesh,260,0.51,
evaly online shop bd,210,0,
best online shop in bangladesh,260,0.24,40
chaldal online shop bd,390,0.06,
daraz online shopping sylhet,320,0.1,
shwapno online shopping bd,260,0.35,
online bazar bangladesh,210,0.3,
best online shopping sites in bangladesh,260,0.46,35
amazon bd online shopping,320,0.27,
bagdoom bd,140,0.03,
qcoom online shopping bangladesh,320,0,
daraz bd shopping,170,0.16,
daraz shopping bd,140,0.17,
online bazar bd,140,0.21,41
agora online shopping bd,170,0.24,
dhaka online shopping,260,0.13,
damak online shopping bd,170,0,
online grocery shop in dhaka,50,1.66,
chittagong online shop,210,0.22,
khulna online shopping,140,0.2,
sirajganj online shopping,170,0,
online market in bangladesh,210,0.3,43
daraz online shopping khulna,170,0.11,
online clothing stores bd,140,0.12,40
Total: ,49160,14.21,667
